{
    "parent": "item/handheld_mace",
    "textures": {
        "layer0": "item/mace"
    },
    "overrides": [
        {
            "predicate": {
                "damaged": 1,
                "damage": 0.5
            },
            "model": "item/mace/mace_02"
        },
        {
            "predicate": {
                "damaged": 1,
                "damage": 0.9
            },
            "model": "item/mace/mace_03"
        },
        {
            "predicate": {
                "damaged": 1,
                "damage": 0.95
            },
            "model": "item/mace/mace_04"
        }
    ]
}