{
    "ambientocclusion": false,
    "textures": {
        "particle": "#cross"
    },
    "elements": [
        {   "from": [ 2.1, 0, 8 ],
            "to": [ 13.9, 16, 8 ],
            "rotation": { "origin": [ 8, 8, 8 ], "axis": "y", "angle": 0, "rescale": false },
            "shade": false,
            "faces": {
                "north": { "uv": [ 0, 0, 16, 16 ], "texture": "#cross" },
                "south": { "uv": [ 0, 0, 16, 16 ], "texture": "#cross" }
            }
        },
        {   "from": [ 8, 0, 2.1 ],
            "to": [ 8, 16, 13.9 ],
            "rotation": { "origin": [ 8, 8, 8 ], "axis": "y", "angle": 0, "rescale": false },
            "shade": false,
            "faces": {
                "west": { "uv": [ 0, 0, 16, 16 ], "texture": "#cross" },
                "east": { "uv": [ 0, 0, 16, 16 ], "texture": "#cross" }
            }
        },
	


	{   "from": [ 2, 0, 14 ],
            "to": [ 14, 16, 14 ],
            "rotation": { "origin": [ 8, 8, 8 ], "axis": "y", "angle": 0, "rescale": false },
            "shade": false,
            "faces": {
                "north": { "uv": [ 0, 0, 16, 16 ], "texture": "#cross" },
                "south": { "uv": [ 0, 0, 16, 16 ], "texture": "#cross" }
            }
        },
	{   "from": [ 2, 0, 14 ],
            "to": [ 14, 16, 14 ],
            "rotation": { "origin": [ 8, 8, 8 ], "axis": "y", "angle": 0, "rescale": false },
            "shade": false,
            "faces": {
                "north": { "uv": [ 0, 0, 16, 16 ], "texture": "#cross" },
                "south": { "uv": [ 0, 0, 16, 16 ], "texture": "#cross" }
            }
        },
	

	{   "from": [ 14, 0, 2 ],
            "to": [ 14, 16, 14 ],
            "rotation": { "origin": [ 8, 8, 8 ], "axis": "y", "angle": 0, "rescale": false },
            "shade": false,
            "faces": {
                "west": { "uv": [ 0, 0, 16, 16 ], "texture": "#cross" },
                "east": { "uv": [ 0, 0, 16, 16 ], "texture": "#cross" }
            }
        },
	{   "from": [ 14, 0, 2 ],
            "to": [ 14, 16, 14 ],
            "rotation": { "origin": [ 8, 8, 8 ], "axis": "y", "angle": 0, "rescale": false },
            "shade": false,
            "faces": {
                "west": { "uv": [ 0, 0, 16, 16 ], "texture": "#cross" },
                "east": { "uv": [ 0, 0, 16, 16 ], "texture": "#cross" }
            }
        },


	{   "from": [ 2, 0, 2 ],
            "to": [ 14, 16, 2 ],
            "rotation": { "origin": [ 8, 8, 8 ], "axis": "y", "angle": 0, "rescale": false },
            "shade": false,
            "faces": {
                "north": { "uv": [ 0, 0, 16, 16 ], "texture": "#cross" },
                "south": { "uv": [ 0, 0, 16, 16 ], "texture": "#cross" }
            }
        },
	{   "from": [ 2, 0, 2 ],
            "to": [ 14, 16, 2 ],
            "rotation": { "origin": [ 8, 8, 8 ], "axis": "y", "angle": 0, "rescale": false },
            "shade": false,
            "faces": {
                "north": { "uv": [ 0, 0, 16, 16 ], "texture": "#cross" },
                "south": { "uv": [ 0, 0, 16, 16 ], "texture": "#cross" }
            }
        },


	{   "from": [ 2, 0, 2 ],
            "to": [ 2, 16, 14 ],
            "rotation": { "origin": [ 8, 8, 8 ], "axis": "y", "angle": 0, "rescale": false },
            "shade": false,
            "faces": {
                "west": { "uv": [ 0, 0, 16, 16 ], "texture": "#cross" },
                "east": { "uv": [ 0, 0, 16, 16 ], "texture": "#cross" }
            }
        },
	{   "from": [ 2, 0, 2 ],
            "to": [ 2, 16, 14 ],
            "rotation": { "origin": [ 8, 8, 8 ], "axis": "y", "angle": 0, "rescale": false },
            "shade": false,
            "faces": {
                "west": { "uv": [ 0, 0, 16, 16 ], "texture": "#cross" },
                "east": { "uv": [ 0, 0, 16, 16 ], "texture": "#cross" }
            }
        }
    ]
}
