{
    "display": {
        "gui": {
            "rotation": [ 30, 225, 0 ],
            "translation": [ -3, -4, 0],
            "scale":[ 0.45, 0.45, 0.45 ]
        },
        "ground": {
            "rotation": [ 0, 0, 0 ],
            "translation": [ 0, 3, 0],
            "scale":[ 0.25, 0.25, 0.25 ]
        },
        "fixed": {
            "rotation": [ 0, 0, 0 ],
            "translation": [ 0, 0, 0],
            "scale":[ 0.5, 0.5, 0.5 ]
        },
        "thirdperson_righthand": {
            "rotation": [ 75, 45, 0 ],
            "translation": [ 0, 2.5, 0],
            "scale": [ 0.375, 0.375, 0.375 ]
        },
        "firstperson_righthand": {
            "rotation": [ 0, 45, 0 ],
            "translation": [ 0, 0, 0 ],
            "scale": [ 0.40, 0.40, 0.40 ]
        },
        "firstperson_lefthand": {
            "rotation": [ 0, 225, 0 ],
            "translation": [ 0, 0, 0 ],
            "scale": [ 0.40, 0.40, 0.40 ]
        }
    },
    "ambientocclusion": false,
    "textures": {
        "particle": "#bottom"
    },
    "elements": [
        {   "from": [ 0, 0, 0 ],
            "to": [ 3, 16, 16 ],
            "faces": {
                "down":  { "uv": [  0, 16, 16, 13 ], "texture": "#bottom", "cullface": "down", "rotation": 90 },
                "north": { "uv": [  0,  0,  3, 16 ], "texture": "#bottom", "cullface": "north" },
                "south": { "uv": [  0,  0,  3, 16 ], "texture": "#bottom", "cullface": "south" },
                "west":  { "uv": [ 16,  0,  0, 16 ], "texture": "#bottom", "cullface": "west" },
                "east":  { "uv": [  0,  0, 16, 16 ], "texture": "#bottom" }
            }
        },
	{   "from": [ 0, 0, 0 ],
            "to": [ 3, 16, 16 ],
            "faces": {
                "down":  { "uv": [  16, 16, 0, 13 ], "texture": "#bottom", "cullface": "down", "rotation": 90 },
                "north": { "uv": [  3,  0,  0, 16 ], "texture": "#bottom", "cullface": "north" },
                "south": { "uv": [  3,  0,  0, 16 ], "texture": "#bottom", "cullface": "south" },
                "west":  { "uv": [  0,  0, 16, 16 ], "texture": "#bottom", "cullface": "west" },
                "east":  { "uv": [  16,  0, 0, 16 ], "texture": "#bottom" }
            }
        },
	{   "from": [ 0, 16, 0 ],
            "to": [ 3, 32, 16 ],
            "faces": {
                "up":    { "uv": [  0,  3, 16,  0 ], "texture": "#top", "cullface": "up", "rotation": 90 },
                "north": { "uv": [  0,  0,  3, 16 ], "texture": "#top", "cullface": "north" },
                "south": { "uv": [  0,  0,  3, 16 ], "texture": "#top", "cullface": "south" },
                "west":  { "uv": [ 16,  0,  0, 16 ], "texture": "#top", "cullface": "west" },
                "east":  { "uv": [  0,  0, 16, 16 ], "texture": "#top" }
            }
        },
	{   "from": [ 0, 16, 0 ],
            "to": [ 3, 32, 16 ],
            "faces": {
                "up":    { "uv": [  0,  0, 16,  3 ], "texture": "#top", "cullface": "up", "rotation": 270 },
                "north": { "uv": [  3,  0,  0, 16 ], "texture": "#top", "cullface": "north" },
                "south": { "uv": [  3,  0,  0, 16 ], "texture": "#top", "cullface": "south" },
                "west":  { "uv": [  0,  0, 16, 16 ], "texture": "#top", "cullface": "west" },
                "east":  { "uv": [ 16,  0,  0, 16 ], "texture": "#top" }
            }
        }
    ]
}
