{
    "variants": {
        "age=0": { "model": "block/cane/0" },
        "age=1": { "model": "block/cane/1" },
        "age=2": { "model": "block/cane/2" },
        "age=3": { "model": "block/cane/3" },
        "age=4": { "model": "block/cane/4" },
        "age=5": { "model": "block/cane/5" },
        "age=6": { "model": "block/cane/6" },
        "age=7": { "model": "block/cane/7" },
        "age=8": { "model": "block/cane/8" },
        "age=9": { "model": "block/cane/9" },
        "age=10": { "model": "block/cane/10" },
        "age=11": { "model": "block/cane/11" },
        "age=12": { "model": "block/cane/12" },
        "age=13": { "model": "block/cane/13" },
        "age=14": { "model": "block/cane/14" },
        "age=15": { "model": "block/cane/15" }
    }
}
