{
    "display": {
        "gui": {
            "rotation": [ 30, 45, 0 ],
            "translation": [ 0, 0, 0],
            "scale":[ 0.625, 0.625, 0.625 ]
        },
        "ground": {
            "rotation": [ 0, 0, 0 ],
            "translation": [ 0, 3, 0],
            "scale":[ 0.25, 0.25, 0.25 ]
        },
        "fixed": {
            "rotation": [ 0, -90, 0 ],
            "translation": [ 0, 0, 0],
            "scale":[ 0.5, 0.5, 0.5 ]
        },
        "thirdperson_righthand": {
            "rotation": [ 90, -90, 0 ],
            "translation": [ 0, -2, 15],
            "scale": [ 0.375, 0.375, 0.375 ]
        },
        "thirdperson_lefthand": {
            "rotation": [ 90, 90, 0 ],
            "translation": [ 0, -2, 15],
            "scale": [ 0.375, 0.375, 0.375 ]
        },
        "firstperson_righthand": {
            "rotation": [ 0, 45, 0 ],
            "translation": [ 0, 3, 0 ],
            "scale": [ 0.40, 0.40, 0.40 ]
        },
        "firstperson_lefthand": {
            "rotation": [ 0, 225, 0 ],
            "translation": [ 0, 3, 0 ],
            "scale": [ 0.40, 0.40, 0.40 ]
        }
    },


    "elements": [
        {   "from": [ 3, 7, 3 ],
            "to": [ 12, 16, 12 ],
            "faces": {
                "north": { "uv": [ 0, 0, 16, 16 ], "texture": "#head" },
                "south": { "uv": [ 0, 0, 16, 16 ], "texture": "#head" },
                "west": { "uv": [ 0, 0, 16, 16 ], "texture": "#face" },
                "east": { "uv": [ 0, 0, 16, 16 ], "texture": "#head" },
                "up": { "uv": [ 0, 0, 16, 16 ], "texture": "#head" },
                "down": { "uv": [ 0, 0, 16, 16 ], "texture": "#head" }
            }
        },

        {   "from": [ 5, 0, 4 ],
            "to": [ 10, 7, 11 ],
            "faces": {
                "north": { "uv": [ 0, 0, 16, 16 ], "texture": "#body_sides" },
                "south": { "uv": [ 0, 0, 16, 16 ], "texture": "#body_sides" },
                "west": { "uv": [ 0, 0, 16, 16 ], "texture": "#body_main" },
                "east": { "uv": [ 0, 0, 16, 16 ], "texture": "#body_main" },
                "up": { "uv": [ 0, 0, 16, 16 ], "texture": "#body_bottom" },
                "down": { "uv": [ 0, 0, 16, 16 ], "texture": "#body_bottom" }
            }
        },

        {   "from": [ 6, 0, 7.7 ],
            "to": [ 2, 4, 3.7 ],
	    "rotation": { "origin": [ 6, 0, 7 ], "axis": "y", "angle": -22.5},
            "faces": {
                "north": { "uv": [ 0, 0, 16, 16 ], "texture": "#legs_sides" },
                "south": { "uv": [ 0, 0, 16, 16 ], "texture": "#legs_sides" },
                "west": { "uv": [ 0, 0, 16, 16 ], "texture": "#legs_main" },
                "east": { "uv": [ 0, 0, 16, 16 ], "texture": "#legs_main" },
                "up": { "uv": [ 0, 0, 16, 16 ], "texture": "#legs_taxi" },
                "down": { "uv": [ 0, 0, 16, 16 ], "texture": "#legs_sides" }
            }
        },

        {   "from": [ 5.75, 0, 12.9 ],
            "to": [ 1.75, 4, 8.9 ],
	    "rotation": { "origin": [ 2, 4, 8 ], "axis": "y", "angle": 22.5},
            "faces": {
                "north": { "uv": [ 0, 0, 16, 16 ], "texture": "#legs_sides" },
                "south": { "uv": [ 0, 0, 16, 16 ], "texture": "#legs_sides" },
                "west": { "uv": [ 0, 0, 16, 16 ], "texture": "#legs_main" },
                "east": { "uv": [ 0, 0, 16, 16 ], "texture": "#legs_main" },
                "up": { "uv": [ 0, 0, 16, 16 ], "texture": "#legs_taxi" },
                "down": { "uv": [ 0, 0, 16, 16 ], "texture": "#legs_sides" }
            }
        },

        {   "from": [ 8, 4, 12 ],
            "to": [ 12, 0, 8 ],
	    "rotation": { "origin": [ 10, 4, 11 ], "axis": "y", "angle": -22.5},
            "faces": {
                "north": { "uv": [ 0, 0, 16, 16 ], "texture": "#legs_sides" },
                "south": { "uv": [ 0, 0, 16, 16 ], "texture": "#legs_sides" },
                "west": { "uv": [ 0, 0, 16, 16 ], "texture": "#legs_main" },
                "east": { "uv": [ 0, 0, 16, 16 ], "texture": "#legs_main" },
                "up": { "uv": [ 0, 0, 16, 16 ], "texture": "#legs_taxi" },
                "down": { "uv": [ 0, 0, 16, 16 ], "texture": "#legs_sides" }
            }
        },

        {   "from": [ 8, 0, 3 ],
            "to": [ 12, 4, 7 ],
	    "rotation": { "origin": [ 10, 0, 4 ], "axis": "y", "angle": 22.5},
            "faces": {
                "north": { "uv": [ 0, 0, 16, 16 ], "texture": "#legs_sides" },
                "south": { "uv": [ 0, 0, 16, 16 ], "texture": "#legs_sides" },
                "west": { "uv": [ 0, 0, 16, 16 ], "texture": "#legs_main" },
                "east": { "uv": [ 0, 0, 16, 16 ], "texture": "#legs_main" },
                "up": { "uv": [ 0, 0, 16, 16 ], "texture": "#legs_sides" },
                "down": { "uv": [ 0, 0, 16, 16 ], "texture": "#legs_taxi" }
            }
        }
	
    ]
}
